sound_waveform,color_saturation
sine wave,47.340857142857146
square wave,46.24485714285714
triangle wave,46.86333333333334
